tier,size_bytes,size_mb,content_type,coder,family,coder_version,run_idx,compressed_bytes,bpb,ratio,enc_s,dec_s,enc_mb_s,dec_mb_s,enc_peak_rss_mb,dec_peak_rss_mb,roundtrip_ok,censored,status,threads,corpus_sha256,seed,timestamp
500,500000000,500.0,archive_mix,brotli-q11,brotli,brotli 1.2.0,0,334883042,5.358128672,0.669766084,662.9746803339804,1.4195139579824172,0.754,352.233,365.4,28.6,True,False,done,1,e68907fa7ad93d2f473d5cc6bfdb9e0f5c0b38f77b937fd31b0cd9b133c68b70,2449086159,2026-07-11T00:24:03.944532+00:00
500,500000000,500.0,archive_mix,brotli-q11,brotli,brotli 1.2.0,1,334883042,5.358128672,0.669766084,662.7547967080027,1.4218035839730874,0.754,351.666,406.5,28.6,True,False,done,1,e68907fa7ad93d2f473d5cc6bfdb9e0f5c0b38f77b937fd31b0cd9b133c68b70,4101423487,2026-07-11T00:35:08.291160+00:00
500,500000000,500.0,archive_mix,brotli-q11,brotli,brotli 1.2.0,2,334883042,5.358128672,0.669766084,665.5951649579802,1.4124220000230707,0.751,354.002,368.3,28.6,True,False,done,1,e68907fa7ad93d2f473d5cc6bfdb9e0f5c0b38f77b937fd31b0cd9b133c68b70,533653716,2026-07-11T00:46:15.493237+00:00
500,500000000,500.0,archive_mix,bzip2-9,bzip2,"bzip2, a block-sorting file compressor.  Version 1.0.8, 13-Jul-2019.",0,357568035,5.72108856,0.71513607,29.48309708299348,13.546567458950449,16.959,36.91,7.9,5.0,True,False,done,1,e68907fa7ad93d2f473d5cc6bfdb9e0f5c0b38f77b937fd31b0cd9b133c68b70,3836231754,2026-07-10T22:56:23.154042+00:00
500,500000000,500.0,archive_mix,bzip2-9,bzip2,"bzip2, a block-sorting file compressor.  Version 1.0.8, 13-Jul-2019.",1,357568035,5.72108856,0.71513607,28.91934083396336,13.344651167048141,17.289,37.468,7.9,5.0,True,False,done,1,e68907fa7ad93d2f473d5cc6bfdb9e0f5c0b38f77b937fd31b0cd9b133c68b70,2518788250,2026-07-10T22:57:05.642196+00:00
500,500000000,500.0,archive_mix,bzip2-9,bzip2,"bzip2, a block-sorting file compressor.  Version 1.0.8, 13-Jul-2019.",2,357568035,5.72108856,0.71513607,28.304459125036374,13.228710583003704,17.665,37.797,7.9,5.0,True,False,done,1,e68907fa7ad93d2f473d5cc6bfdb9e0f5c0b38f77b937fd31b0cd9b133c68b70,2020990165,2026-07-10T22:57:47.355061+00:00
500,500000000,500.0,archive_mix,gzip-9,gzip,Apple gzip 479,0,371388676,5.942218816,0.742777352,13.992474291997496,0.7428617920377292,35.733,673.073,1.6,1.4,True,False,done,1,e68907fa7ad93d2f473d5cc6bfdb9e0f5c0b38f77b937fd31b0cd9b133c68b70,4391865,2026-07-10T22:46:49.384447+00:00
500,500000000,500.0,archive_mix,gzip-9,gzip,Apple gzip 479,1,371388676,5.942218816,0.742777352,14.056138999992982,0.7424819169682451,35.572,673.417,1.6,1.4,True,False,done,1,e68907fa7ad93d2f473d5cc6bfdb9e0f5c0b38f77b937fd31b0cd9b133c68b70,1305047505,2026-07-10T22:47:04.373179+00:00
500,500000000,500.0,archive_mix,gzip-9,gzip,Apple gzip 479,2,371388676,5.942218816,0.742777352,14.014235041977372,0.7426573749980889,35.678,673.258,1.6,1.4,True,False,done,1,e68907fa7ad93d2f473d5cc6bfdb9e0f5c0b38f77b937fd31b0cd9b133c68b70,1710842906,2026-07-10T22:47:19.319981+00:00
500,500000000,500.0,archive_mix,rnr1-fast,c-fast,repo:rnr (python 3.14.3),0,395640291,6.330244656,0.791280582,96.77201462496305,23.369363749981858,5.167,21.396,1383.1,1325.9,True,False,done,1,e68907fa7ad93d2f473d5cc6bfdb9e0f5c0b38f77b937fd31b0cd9b133c68b70,2502881937,2026-07-10T22:49:19.937056+00:00
500,500000000,500.0,archive_mix,rnr1-fast,c-fast,repo:rnr (python 3.14.3),1,395640291,6.330244656,0.791280582,110.09913091699127,33.823406250041444,4.541,14.783,1376.4,1295.2,True,False,done,1,e68907fa7ad93d2f473d5cc6bfdb9e0f5c0b38f77b937fd31b0cd9b133c68b70,1241433459,2026-07-10T22:51:44.342190+00:00
500,500000000,500.0,archive_mix,rnr1-fast,c-fast,repo:rnr (python 3.14.3),2,395640291,6.330244656,0.791280582,112.7972585419775,23.501579167030286,4.433,21.275,1383.0,1560.4,True,False,done,1,e68907fa7ad93d2f473d5cc6bfdb9e0f5c0b38f77b937fd31b0cd9b133c68b70,3379812728,2026-07-10T22:54:01.119764+00:00
500,500000000,500.0,archive_mix,rnr1-fast-mt8,c-fast,repo:rnr (python 3.14.3),0,395640291,6.330244656,0.791280582,27.383545625023544,6.228648542019073,18.259,80.274,1998.0,2168.8,True,False,done,8,e68907fa7ad93d2f473d5cc6bfdb9e0f5c0b38f77b937fd31b0cd9b133c68b70,786035324,2026-07-10T22:54:35.261935+00:00
500,500000000,500.0,archive_mix,rnr1-fast-mt8,c-fast,repo:rnr (python 3.14.3),1,395640291,6.330244656,0.791280582,27.12550491699949,5.8049142499803565,18.433,86.134,1997.8,2417.6,True,False,done,8,e68907fa7ad93d2f473d5cc6bfdb9e0f5c0b38f77b937fd31b0cd9b133c68b70,2475973318,2026-07-10T22:55:08.694893+00:00
500,500000000,500.0,archive_mix,rnr1-fast-mt8,c-fast,repo:rnr (python 3.14.3),2,395640291,6.330244656,0.791280582,25.482270915992558,5.181113582977559,19.621,96.504,1752.4,1975.7,True,False,done,8,e68907fa7ad93d2f473d5cc6bfdb9e0f5c0b38f77b937fd31b0cd9b133c68b70,1996977267,2026-07-10T22:55:39.938819+00:00
500,500000000,500.0,archive_mix,xz-6,xz,xz (XZ Utils) 5.8.3,0,336269808,5.380316928,0.672539616,136.28829841699917,5.0863233340205625,3.669,98.303,99.4,10.2,True,False,done,1,e68907fa7ad93d2f473d5cc6bfdb9e0f5c0b38f77b937fd31b0cd9b133c68b70,1498925360,2026-07-10T23:00:08.945407+00:00
500,500000000,500.0,archive_mix,xz-6,xz,xz (XZ Utils) 5.8.3,1,336269808,5.380316928,0.672539616,135.3918802079861,5.0656482499907725,3.693,98.704,99.4,10.2,True,False,done,1,e68907fa7ad93d2f473d5cc6bfdb9e0f5c0b38f77b937fd31b0cd9b133c68b70,1635366638,2026-07-10T23:02:29.604312+00:00
500,500000000,500.0,archive_mix,xz-6,xz,xz (XZ Utils) 5.8.3,2,336269808,5.380316928,0.672539616,156.3450074159773,5.112573791993782,3.198,97.798,99.4,10.2,True,False,done,1,e68907fa7ad93d2f473d5cc6bfdb9e0f5c0b38f77b937fd31b0cd9b133c68b70,1381079512,2026-07-10T23:05:11.266310+00:00
500,500000000,500.0,archive_mix,xz-9e,xz,xz (XZ Utils) 5.8.3,0,332577568,5.321241088,0.665155136,193.6714314580313,5.1945543750189245,2.582,96.255,707.6,68.9,True,False,done,1,e68907fa7ad93d2f473d5cc6bfdb9e0f5c0b38f77b937fd31b0cd9b133c68b70,3785982293,2026-07-11T00:49:34.544948+00:00
500,500000000,500.0,archive_mix,xz-9e,xz,xz (XZ Utils) 5.8.3,1,332577568,5.321241088,0.665155136,195.5080328329932,5.1175370829878375,2.557,97.703,707.6,68.9,True,False,done,1,e68907fa7ad93d2f473d5cc6bfdb9e0f5c0b38f77b937fd31b0cd9b133c68b70,257444506,2026-07-11T00:52:55.357873+00:00
500,500000000,500.0,archive_mix,xz-9e,xz,xz (XZ Utils) 5.8.3,2,332577568,5.321241088,0.665155136,193.52584591699997,5.17024379101349,2.584,96.707,707.6,68.9,True,False,done,1,e68907fa7ad93d2f473d5cc6bfdb9e0f5c0b38f77b937fd31b0cd9b133c68b70,998454229,2026-07-11T00:56:14.237580+00:00
500,500000000,500.0,archive_mix,zstd-19,zstd,"*** Zstandard CLI (64-bit) v1.5.7, by Yann Collet ***",0,340495512,5.447928192,0.680991024,143.4115094160079,0.4931863750098273,3.486,1013.816,290.4,13.5,True,False,done,1,e68907fa7ad93d2f473d5cc6bfdb9e0f5c0b38f77b937fd31b0cd9b133c68b70,3973490297,2026-07-10T22:41:29.860823+00:00
500,500000000,500.0,archive_mix,zstd-19,zstd,"*** Zstandard CLI (64-bit) v1.5.7, by Yann Collet ***",1,340495512,5.447928192,0.680991024,164.43298325000796,0.5448629170423374,3.041,917.662,289.3,13.5,True,False,done,1,e68907fa7ad93d2f473d5cc6bfdb9e0f5c0b38f77b937fd31b0cd9b133c68b70,3297311257,2026-07-10T22:44:15.054677+00:00
500,500000000,500.0,archive_mix,zstd-19,zstd,"*** Zstandard CLI (64-bit) v1.5.7, by Yann Collet ***",2,340495512,5.447928192,0.680991024,138.71543062501587,0.4851440410129726,3.605,1030.622,290.4,13.5,True,False,done,1,e68907fa7ad93d2f473d5cc6bfdb9e0f5c0b38f77b937fd31b0cd9b133c68b70,3782150251,2026-07-10T22:46:34.457633+00:00
500,500000000,500.0,archive_mix,zstd-22u,zstd,"*** Zstandard CLI (64-bit) v1.5.7, by Yann Collet ***",0,336759739,5.388155824,0.673519478,142.7285548329819,0.47028275002958253,3.503,1063.19,1438.0,139.3,True,False,done,1,e68907fa7ad93d2f473d5cc6bfdb9e0f5c0b38f77b937fd31b0cd9b133c68b70,63305402,2026-07-11T00:58:37.638383+00:00
500,500000000,500.0,archive_mix,zstd-22u,zstd,"*** Zstandard CLI (64-bit) v1.5.7, by Yann Collet ***",1,336759739,5.388155824,0.673519478,141.85082687501563,0.4726509160245769,3.525,1057.863,1584.7,139.3,True,False,done,1,e68907fa7ad93d2f473d5cc6bfdb9e0f5c0b38f77b937fd31b0cd9b133c68b70,3534653257,2026-07-11T01:01:00.152021+00:00
500,500000000,500.0,archive_mix,zstd-22u,zstd,"*** Zstandard CLI (64-bit) v1.5.7, by Yann Collet ***",2,336759739,5.388155824,0.673519478,142.76600833400153,0.47273412498179823,3.502,1057.677,1584.7,139.3,True,False,done,1,e68907fa7ad93d2f473d5cc6bfdb9e0f5c0b38f77b937fd31b0cd9b133c68b70,3442930357,2026-07-11T01:03:23.585062+00:00
500,500000000,500.0,images,brotli-q11,brotli,brotli 1.2.0,0,493720270,7.89952432,0.98744054,745.6945784169948,1.7306101249996573,0.671,288.915,266.5,30.7,True,False,done,1,bc1ab1f07781a949114e226d02c3d9c51a9b87fa2e658817edb42f1a4847be53,420061960,2026-07-11T03:05:37.309868+00:00
500,500000000,500.0,images,brotli-q11,brotli,brotli 1.2.0,1,493720270,7.89952432,0.98744054,743.3879458750016,1.7358106669853441,0.673,288.05,280.0,30.7,True,False,done,1,bc1ab1f07781a949114e226d02c3d9c51a9b87fa2e658817edb42f1a4847be53,29210769,2026-07-11T03:18:02.743290+00:00
500,500000000,500.0,images,brotli-q11,brotli,brotli 1.2.0,2,493720270,7.89952432,0.98744054,745.5210545000155,1.7292526669916697,0.671,289.142,267.3,30.7,True,False,done,1,bc1ab1f07781a949114e226d02c3d9c51a9b87fa2e658817edb42f1a4847be53,2846493658,2026-07-11T03:30:30.279633+00:00
500,500000000,500.0,images,bzip2-9,bzip2,"bzip2, a block-sorting file compressor.  Version 1.0.8, 13-Jul-2019.",0,496730642,7.947690272,0.993461284,32.45515254099155,15.735410291992594,15.406,31.775,8.8,5.0,True,False,done,1,bc1ab1f07781a949114e226d02c3d9c51a9b87fa2e658817edb42f1a4847be53,1247090520,2026-07-11T00:04:54.932534+00:00
500,500000000,500.0,images,bzip2-9,bzip2,"bzip2, a block-sorting file compressor.  Version 1.0.8, 13-Jul-2019.",1,496730642,7.947690272,0.993461284,32.40948020899668,15.798170917027164,15.428,31.649,8.8,5.0,True,False,done,1,bc1ab1f07781a949114e226d02c3d9c51a9b87fa2e658817edb42f1a4847be53,3399369599,2026-07-11T00:05:43.383914+00:00
500,500000000,500.0,images,bzip2-9,bzip2,"bzip2, a block-sorting file compressor.  Version 1.0.8, 13-Jul-2019.",2,496730642,7.947690272,0.993461284,32.292767166974954,15.687196042039432,15.483,31.873,8.8,5.0,True,False,done,1,bc1ab1f07781a949114e226d02c3d9c51a9b87fa2e658817edb42f1a4847be53,1772413598,2026-07-11T00:06:31.622977+00:00
500,500000000,500.0,images,gzip-9,gzip,Apple gzip 479,0,497417353,7.958677648,0.994834706,7.708618208009284,0.5354796670144424,64.862,933.742,1.6,1.4,True,False,done,1,bc1ab1f07781a949114e226d02c3d9c51a9b87fa2e658817edb42f1a4847be53,2393403798,2026-07-10T23:57:00.503714+00:00
500,500000000,500.0,images,gzip-9,gzip,Apple gzip 479,1,497417353,7.958677648,0.994834706,7.849713167001028,0.5378362080082297,63.697,929.651,1.6,1.4,True,False,done,1,bc1ab1f07781a949114e226d02c3d9c51a9b87fa2e658817edb42f1a4847be53,2887042717,2026-07-10T23:57:09.135031+00:00
500,500000000,500.0,images,gzip-9,gzip,Apple gzip 479,2,497417353,7.958677648,0.994834706,7.753013083012775,0.5386733330087736,64.491,928.206,1.6,1.4,True,False,done,1,bc1ab1f07781a949114e226d02c3d9c51a9b87fa2e658817edb42f1a4847be53,1596732490,2026-07-10T23:57:17.669070+00:00
500,500000000,500.0,images,rnr1-fast,c-fast,repo:rnr (python 3.14.3),0,498562560,7.97700096,0.99712512,105.23636795900529,1.0077570409630425,4.751,496.151,1592.9,1653.0,True,False,done,1,bc1ab1f07781a949114e226d02c3d9c51a9b87fa2e658817edb42f1a4847be53,3410842094,2026-07-10T23:59:04.402045+00:00
500,500000000,500.0,images,rnr1-fast,c-fast,repo:rnr (python 3.14.3),1,498562560,7.97700096,0.99712512,107.67375899996841,0.9956162499729544,4.644,502.202,1924.1,1653.0,True,False,done,1,bc1ab1f07781a949114e226d02c3d9c51a9b87fa2e658817edb42f1a4847be53,1979024559,2026-07-11T00:00:53.573791+00:00
500,500000000,500.0,images,rnr1-fast,c-fast,repo:rnr (python 3.14.3),2,498562560,7.97700096,0.99712512,105.61040508403676,1.0106220829766244,4.734,494.745,1924.2,1653.0,True,False,done,1,bc1ab1f07781a949114e226d02c3d9c51a9b87fa2e658817edb42f1a4847be53,1594771171,2026-07-11T00:02:40.672035+00:00
500,500000000,500.0,images,rnr1-fast-mt8,c-fast,repo:rnr (python 3.14.3),0,498562560,7.97700096,0.99712512,27.379015667014755,0.6491381670348346,18.262,770.252,2460.2,2461.6,True,False,done,8,bc1ab1f07781a949114e226d02c3d9c51a9b87fa2e658817edb42f1a4847be53,769729275,2026-07-11T00:03:09.190097+00:00
500,500000000,500.0,images,rnr1-fast-mt8,c-fast,repo:rnr (python 3.14.3),1,498562560,7.97700096,0.99712512,27.708334458002355,0.6247724580462091,18.045,800.291,2741.4,2506.0,True,False,done,8,bc1ab1f07781a949114e226d02c3d9c51a9b87fa2e658817edb42f1a4847be53,118357784,2026-07-11T00:03:38.021667+00:00
500,500000000,500.0,images,rnr1-fast-mt8,c-fast,repo:rnr (python 3.14.3),2,498562560,7.97700096,0.99712512,27.38983508304227,0.5956748749595135,18.255,839.384,2438.7,2456.0,True,False,done,8,bc1ab1f07781a949114e226d02c3d9c51a9b87fa2e658817edb42f1a4847be53,1743703515,2026-07-11T00:04:06.497343+00:00
500,500000000,500.0,images,xz-6,xz,xz (XZ Utils) 5.8.3,0,496209404,7.939350464,0.992418808,125.29490412503947,4.151251000002958,3.991,120.446,99.2,10.2,True,False,done,1,bc1ab1f07781a949114e226d02c3d9c51a9b87fa2e658817edb42f1a4847be53,3438014783,2026-07-11T00:08:41.313088+00:00
500,500000000,500.0,images,xz-6,xz,xz (XZ Utils) 5.8.3,1,496209404,7.939350464,0.992418808,123.78660837496864,4.157111042004544,4.039,120.276,99.2,10.2,True,False,done,1,bc1ab1f07781a949114e226d02c3d9c51a9b87fa2e658817edb42f1a4847be53,499338653,2026-07-11T00:10:49.496553+00:00
500,500000000,500.0,images,xz-6,xz,xz (XZ Utils) 5.8.3,2,496209404,7.939350464,0.992418808,123.3510030839825,4.148818082991056,4.053,120.516,99.2,10.2,True,False,done,1,bc1ab1f07781a949114e226d02c3d9c51a9b87fa2e658817edb42f1a4847be53,2405876960,2026-07-11T00:12:57.235870+00:00
500,500000000,500.0,images,xz-9e,xz,xz (XZ Utils) 5.8.3,0,496153584,7.938457344,0.992307168,194.2523662080057,4.174780500004999,2.574,119.767,707.4,68.9,True,False,done,1,bc1ab1f07781a949114e226d02c3d9c51a9b87fa2e658817edb42f1a4847be53,731044738,2026-07-11T03:33:48.999766+00:00
500,500000000,500.0,images,xz-9e,xz,xz (XZ Utils) 5.8.3,1,496153584,7.938457344,0.992307168,194.49055737495655,4.186186541977804,2.571,119.44,707.4,68.9,True,False,done,1,bc1ab1f07781a949114e226d02c3d9c51a9b87fa2e658817edb42f1a4847be53,1312726912,2026-07-11T03:37:07.957955+00:00
500,500000000,500.0,images,xz-9e,xz,xz (XZ Utils) 5.8.3,2,496153584,7.938457344,0.992307168,194.96431779203704,4.189081165997777,2.565,119.358,707.4,68.9,True,False,done,1,bc1ab1f07781a949114e226d02c3d9c51a9b87fa2e658817edb42f1a4847be53,3832232647,2026-07-11T03:40:27.389505+00:00
500,500000000,500.0,images,zstd-19,zstd,"*** Zstandard CLI (64-bit) v1.5.7, by Yann Collet ***",0,495371894,7.925950304,0.990743788,62.615851833019406,0.29690904199378565,7.985,1684.017,290.0,13.5,True,False,done,1,bc1ab1f07781a949114e226d02c3d9c51a9b87fa2e658817edb42f1a4847be53,2059382109,2026-07-10T23:54:40.904913+00:00
500,500000000,500.0,images,zstd-19,zstd,"*** Zstandard CLI (64-bit) v1.5.7, by Yann Collet ***",1,495371894,7.925950304,0.990743788,64.91624587500701,0.29675370804034173,7.702,1684.899,290.0,13.5,True,False,done,1,bc1ab1f07781a949114e226d02c3d9c51a9b87fa2e658817edb42f1a4847be53,4293404288,2026-07-10T23:55:46.363182+00:00
500,500000000,500.0,images,zstd-19,zstd,"*** Zstandard CLI (64-bit) v1.5.7, by Yann Collet ***",2,495371894,7.925950304,0.990743788,65.10672370903194,0.300709665985778,7.68,1662.733,290.0,13.5,True,False,done,1,bc1ab1f07781a949114e226d02c3d9c51a9b87fa2e658817edb42f1a4847be53,3193929269,2026-07-10T23:56:52.015528+00:00
500,500000000,500.0,images,zstd-22u,zstd,"*** Zstandard CLI (64-bit) v1.5.7, by Yann Collet ***",0,495496693,7.927947088,0.990993386,96.82048833399313,0.31840270897373557,5.164,1570.338,1505.9,139.3,True,False,done,1,bc1ab1f07781a949114e226d02c3d9c51a9b87fa2e658817edb42f1a4847be53,2087142102,2026-07-11T03:42:04.817012+00:00
500,500000000,500.0,images,zstd-22u,zstd,"*** Zstandard CLI (64-bit) v1.5.7, by Yann Collet ***",1,495496693,7.927947088,0.990993386,96.76494387496496,0.31733304099179804,5.167,1575.632,1699.2,139.3,True,False,done,1,bc1ab1f07781a949114e226d02c3d9c51a9b87fa2e658817edb42f1a4847be53,323704541,2026-07-11T03:43:42.187019+00:00
500,500000000,500.0,images,zstd-22u,zstd,"*** Zstandard CLI (64-bit) v1.5.7, by Yann Collet ***",2,495496693,7.927947088,0.990993386,96.05981666600564,0.3185869999579154,5.205,1569.43,1738.7,139.3,True,False,done,1,bc1ab1f07781a949114e226d02c3d9c51a9b87fa2e658817edb42f1a4847be53,2159080196,2026-07-11T03:45:18.828051+00:00
500,500000000,500.0,precompressed,brotli-q11,brotli,brotli 1.2.0,0,500000849,8.000013584,1.000001698,479.97611375001725,0.31071225000778213,1.042,1609.206,181.8,29.0,True,False,done,1,a9a1333c3449ceeea757714e86ca603364b73985bd0b5c2c69d02d8709e1079b,1928634893,2026-07-11T03:53:20.713018+00:00
500,500000000,500.0,precompressed,brotli-q11,brotli,brotli 1.2.0,1,500000849,8.000013584,1.000001698,481.330766708008,0.30752370797563344,1.039,1625.891,181.3,29.0,True,False,done,1,a9a1333c3449ceeea757714e86ca603364b73985bd0b5c2c69d02d8709e1079b,2372169000,2026-07-11T04:01:22.637917+00:00
500,500000000,500.0,precompressed,brotli-q11,brotli,brotli 1.2.0,2,500000849,8.000013584,1.000001698,478.61094829201465,0.321934915962629,1.045,1553.109,180.7,29.0,True,False,done,1,a9a1333c3449ceeea757714e86ca603364b73985bd0b5c2c69d02d8709e1079b,3469339685,2026-07-11T04:09:21.849663+00:00
500,500000000,500.0,precompressed,bzip2-9,bzip2,"bzip2, a block-sorting file compressor.  Version 1.0.8, 13-Jul-2019.",0,502034600,8.0325536,1.0040692,33.54846841603285,16.015731333987787,14.904,31.219,7.9,5.0,True,False,done,1,a9a1333c3449ceeea757714e86ca603364b73985bd0b5c2c69d02d8709e1079b,659165102,2026-07-11T04:10:11.717457+00:00
500,500000000,500.0,precompressed,bzip2-9,bzip2,"bzip2, a block-sorting file compressor.  Version 1.0.8, 13-Jul-2019.",1,502034600,8.0325536,1.0040692,33.48471150000114,15.85301600000821,14.932,31.54,7.9,5.0,True,False,done,1,a9a1333c3449ceeea757714e86ca603364b73985bd0b5c2c69d02d8709e1079b,841280739,2026-07-11T04:11:01.322856+00:00
500,500000000,500.0,precompressed,bzip2-9,bzip2,"bzip2, a block-sorting file compressor.  Version 1.0.8, 13-Jul-2019.",2,502034600,8.0325536,1.0040692,33.45479891699506,15.917079250037204,14.946,31.413,7.9,5.0,True,False,done,1,a9a1333c3449ceeea757714e86ca603364b73985bd0b5c2c69d02d8709e1079b,1456049585,2026-07-11T04:11:50.980690+00:00
500,500000000,500.0,precompressed,gzip-9,gzip,Apple gzip 479,0,500075387,8.001206192,1.000150774,7.6418442919966765,0.3902963749715127,65.429,1281.078,1.6,1.4,True,False,done,1,a9a1333c3449ceeea757714e86ca603364b73985bd0b5c2c69d02d8709e1079b,3383193662,2026-07-11T04:11:59.265012+00:00
500,500000000,500.0,precompressed,gzip-9,gzip,Apple gzip 479,1,500075387,8.001206192,1.000150774,7.477385582984425,0.39598600001772866,66.868,1262.671,1.6,1.4,True,False,done,1,a9a1333c3449ceeea757714e86ca603364b73985bd0b5c2c69d02d8709e1079b,374872360,2026-07-11T04:12:07.384491+00:00
500,500000000,500.0,precompressed,gzip-9,gzip,Apple gzip 479,2,500075387,8.001206192,1.000150774,7.329895000031684,0.4094472919823602,68.214,1221.158,1.6,1.4,True,False,done,1,a9a1333c3449ceeea757714e86ca603364b73985bd0b5c2c69d02d8709e1079b,2490048527,2026-07-11T04:12:15.369712+00:00
500,500000000,500.0,precompressed,rnr1-fast,c-fast,repo:rnr (python 3.14.3),0,500244208,8.003907328,1.000488416,106.26075399998808,0.6372076660045423,4.705,784.674,2149.7,1521.2,True,False,done,1,a9a1333c3449ceeea757714e86ca603364b73985bd0b5c2c69d02d8709e1079b,704366472,2026-07-11T04:14:02.755634+00:00
500,500000000,500.0,precompressed,rnr1-fast,c-fast,repo:rnr (python 3.14.3),1,500244208,8.003907328,1.000488416,106.07541458302876,0.6360979999881238,4.714,786.042,2097.5,1521.2,True,False,done,1,a9a1333c3449ceeea757714e86ca603364b73985bd0b5c2c69d02d8709e1079b,2163424196,2026-07-11T04:15:49.964864+00:00
500,500000000,500.0,precompressed,rnr1-fast,c-fast,repo:rnr (python 3.14.3),2,500244208,8.003907328,1.000488416,106.32948408299126,0.6382875830167904,4.702,783.346,2097.4,1521.3,True,False,done,1,a9a1333c3449ceeea757714e86ca603364b73985bd0b5c2c69d02d8709e1079b,1699059279,2026-07-11T04:17:37.430779+00:00
500,500000000,500.0,precompressed,rnr1-fast-mt8,c-fast,repo:rnr (python 3.14.3),0,500244208,8.003907328,1.000488416,27.57350158301415,0.49270591704407707,18.133,1014.804,2769.2,1521.5,True,False,done,8,a9a1333c3449ceeea757714e86ca603364b73985bd0b5c2c69d02d8709e1079b,1358495704,2026-07-11T04:18:05.988604+00:00
500,500000000,500.0,precompressed,rnr1-fast-mt8,c-fast,repo:rnr (python 3.14.3),1,500244208,8.003907328,1.000488416,27.394379000004847,0.5069082080153748,18.252,986.372,2750.8,1521.5,True,False,done,8,a9a1333c3449ceeea757714e86ca603364b73985bd0b5c2c69d02d8709e1079b,1638157998,2026-07-11T04:18:34.399112+00:00
500,500000000,500.0,precompressed,rnr1-fast-mt8,c-fast,repo:rnr (python 3.14.3),2,500244208,8.003907328,1.000488416,27.654324167000595,0.45634183299262077,18.08,1095.67,2746.3,1521.5,True,False,done,8,a9a1333c3449ceeea757714e86ca603364b73985bd0b5c2c69d02d8709e1079b,3028414657,2026-07-11T04:19:03.007044+00:00
500,500000000,500.0,precompressed,xz-6,xz,xz (XZ Utils) 5.8.3,0,500014812,8.000236992,1.000029624,126.18911300000036,0.7881177079980262,3.962,634.423,99.2,10.2,True,False,done,1,a9a1333c3449ceeea757714e86ca603364b73985bd0b5c2c69d02d8709e1079b,919672132,2026-07-11T04:21:10.239002+00:00
500,500000000,500.0,precompressed,xz-6,xz,xz (XZ Utils) 5.8.3,1,500014812,8.000236992,1.000029624,124.12875362497289,0.7693210830329917,4.028,649.924,99.2,10.2,True,False,done,1,a9a1333c3449ceeea757714e86ca603364b73985bd0b5c2c69d02d8709e1079b,3048645525,2026-07-11T04:23:15.380686+00:00
500,500000000,500.0,precompressed,xz-6,xz,xz (XZ Utils) 5.8.3,2,500014812,8.000236992,1.000029624,124.24211566598387,0.7728491660091095,4.024,646.957,99.2,10.2,True,False,done,1,a9a1333c3449ceeea757714e86ca603364b73985bd0b5c2c69d02d8709e1079b,207887370,2026-07-11T04:25:20.636782+00:00
500,500000000,500.0,precompressed,xz-9e,xz,xz (XZ Utils) 5.8.3,0,500014372,8.000229952,1.000028744,195.013187250006,0.7788963750354014,2.564,641.934,707.4,68.9,True,False,done,1,a9a1333c3449ceeea757714e86ca603364b73985bd0b5c2c69d02d8709e1079b,2927947230,2026-07-11T04:28:36.748017+00:00
500,500000000,500.0,precompressed,xz-9e,xz,xz (XZ Utils) 5.8.3,1,500014372,8.000229952,1.000028744,195.11231883399887,0.8058721249690279,2.563,620.446,707.4,68.9,True,False,done,1,a9a1333c3449ceeea757714e86ca603364b73985bd0b5c2c69d02d8709e1079b,1916409032,2026-07-11T04:31:52.954912+00:00
500,500000000,500.0,precompressed,xz-9e,xz,xz (XZ Utils) 5.8.3,2,500014372,8.000229952,1.000028744,194.8618807499879,0.798943292000331,2.566,625.827,707.4,68.9,True,False,done,1,a9a1333c3449ceeea757714e86ca603364b73985bd0b5c2c69d02d8709e1079b,3909463255,2026-07-11T04:35:08.903293+00:00
500,500000000,500.0,precompressed,zstd-19,zstd,"*** Zstandard CLI (64-bit) v1.5.7, by Yann Collet ***",0,499991671,7.999866736,0.999983342,61.048450833011884,0.2785567499813624,8.19,1794.966,290.1,13.5,True,False,done,1,a9a1333c3449ceeea757714e86ca603364b73985bd0b5c2c69d02d8709e1079b,2897078127,2026-07-11T04:36:10.477455+00:00
500,500000000,500.0,precompressed,zstd-19,zstd,"*** Zstandard CLI (64-bit) v1.5.7, by Yann Collet ***",1,499991671,7.999866736,0.999983342,61.069488458975684,0.27413383300881833,8.187,1823.927,290.1,13.5,True,False,done,1,a9a1333c3449ceeea757714e86ca603364b73985bd0b5c2c69d02d8709e1079b,3478852385,2026-07-11T04:37:12.068340+00:00
500,500000000,500.0,precompressed,zstd-19,zstd,"*** Zstandard CLI (64-bit) v1.5.7, by Yann Collet ***",2,499991671,7.999866736,0.999983342,61.11148500000127,0.27641912503167987,8.182,1808.847,290.1,13.5,True,False,done,1,a9a1333c3449ceeea757714e86ca603364b73985bd0b5c2c69d02d8709e1079b,957861103,2026-07-11T04:38:13.702126+00:00
500,500000000,500.0,precompressed,zstd-22u,zstd,"*** Zstandard CLI (64-bit) v1.5.7, by Yann Collet ***",0,499991679,7.999866864,0.999983358,93.51804054202512,0.27931654098210856,5.347,1790.084,1606.6,139.2,True,False,done,1,a9a1333c3449ceeea757714e86ca603364b73985bd0b5c2c69d02d8709e1079b,149884142,2026-07-11T04:39:47.782053+00:00
500,500000000,500.0,precompressed,zstd-22u,zstd,"*** Zstandard CLI (64-bit) v1.5.7, by Yann Collet ***",1,499991679,7.999866864,0.999983358,93.24764595797751,0.28091575001599267,5.362,1779.893,1743.1,139.2,True,False,done,1,a9a1333c3449ceeea757714e86ca603364b73985bd0b5c2c69d02d8709e1079b,2026771342,2026-07-11T04:41:21.588217+00:00
500,500000000,500.0,precompressed,zstd-22u,zstd,"*** Zstandard CLI (64-bit) v1.5.7, by Yann Collet ***",2,499991679,7.999866864,0.999983358,93.19491237500915,0.2780325409839861,5.365,1798.351,1743.1,139.2,True,False,done,1,a9a1333c3449ceeea757714e86ca603364b73985bd0b5c2c69d02d8709e1079b,3027494966,2026-07-11T04:42:55.349366+00:00
500,500000000,500.0,text,brotli-q11,brotli,brotli 1.2.0,0,118085161,1.889362576,0.236170322,670.6990301249898,1.119610499998089,0.745,446.584,385.5,20.3,True,False,done,1,81dfe6fd07b2f575b368e7228f14fef33871e6b99eafca96ee036b3acbfdc836,2857074876,2026-07-11T01:14:35.494329+00:00
500,500000000,500.0,text,brotli-q11,brotli,brotli 1.2.0,1,118085161,1.889362576,0.236170322,674.2098473329679,1.0213499999954365,0.742,489.548,391.3,20.3,True,False,done,1,81dfe6fd07b2f575b368e7228f14fef33871e6b99eafca96ee036b3acbfdc836,3381085990,2026-07-11T01:25:50.802203+00:00
500,500000000,500.0,text,brotli-q11,brotli,brotli 1.2.0,2,118085161,1.889362576,0.236170322,669.8152425410226,1.0022645420394838,0.746,498.87,385.5,20.3,True,False,done,1,81dfe6fd07b2f575b368e7228f14fef33871e6b99eafca96ee036b3acbfdc836,1801304533,2026-07-11T01:37:01.714544+00:00
500,500000000,500.0,text,bzip2-9,bzip2,"bzip2, a block-sorting file compressor.  Version 1.0.8, 13-Jul-2019.",0,133915328,2.142645248,0.267830656,23.12437537498772,9.065549916005693,21.622,55.154,7.9,5.0,True,False,done,1,81dfe6fd07b2f575b368e7228f14fef33871e6b99eafca96ee036b3acbfdc836,3797883790,2026-07-10T23:24:54.598424+00:00
500,500000000,500.0,text,bzip2-9,bzip2,"bzip2, a block-sorting file compressor.  Version 1.0.8, 13-Jul-2019.",1,133915328,2.142645248,0.267830656,22.994078624993563,8.7524774170015,21.745,57.127,7.9,5.0,True,False,done,1,81dfe6fd07b2f575b368e7228f14fef33871e6b99eafca96ee036b3acbfdc836,1573565900,2026-07-10T23:25:26.416177+00:00
500,500000000,500.0,text,bzip2-9,bzip2,"bzip2, a block-sorting file compressor.  Version 1.0.8, 13-Jul-2019.",2,133915328,2.142645248,0.267830656,22.74896129197441,8.740201750013512,21.979,57.207,7.9,5.0,True,False,done,1,81dfe6fd07b2f575b368e7228f14fef33871e6b99eafca96ee036b3acbfdc836,160349470,2026-07-10T23:25:57.985045+00:00
500,500000000,500.0,text,gzip-9,gzip,Apple gzip 479,0,169851148,2.717618368,0.339702296,14.675007958023343,1.1586951670469716,34.072,431.52,1.6,1.4,True,False,done,1,81dfe6fd07b2f575b368e7228f14fef33871e6b99eafca96ee036b3acbfdc836,371785500,2026-07-10T23:16:05.107196+00:00
500,500000000,500.0,text,gzip-9,gzip,Apple gzip 479,1,169851148,2.717618368,0.339702296,16.400909999967553,0.7725575829972513,30.486,647.201,1.6,1.4,True,False,done,1,81dfe6fd07b2f575b368e7228f14fef33871e6b99eafca96ee036b3acbfdc836,3310792474,2026-07-10T23:16:22.375082+00:00
500,500000000,500.0,text,gzip-9,gzip,Apple gzip 479,2,169851148,2.717618368,0.339702296,15.601172625028994,0.7968263340299018,32.049,627.489,1.6,1.4,True,False,done,1,81dfe6fd07b2f575b368e7228f14fef33871e6b99eafca96ee036b3acbfdc836,2770060258,2026-07-10T23:16:38.879487+00:00
500,500000000,500.0,text,rnr1-fast,c-fast,repo:rnr (python 3.14.3),0,217828970,3.48526352,0.43565794,70.42646425002022,54.41222724999534,7.1,9.189,963.6,1168.7,True,False,done,1,81dfe6fd07b2f575b368e7228f14fef33871e6b99eafca96ee036b3acbfdc836,2508861711,2026-07-10T23:18:44.079095+00:00
500,500000000,500.0,text,rnr1-fast,c-fast,repo:rnr (python 3.14.3),1,217828970,3.48526352,0.43565794,59.12735033297213,69.98674849997042,8.456,7.144,960.9,1110.4,True,False,done,1,81dfe6fd07b2f575b368e7228f14fef33871e6b99eafca96ee036b3acbfdc836,3978384181,2026-07-10T23:20:53.614100+00:00
500,500000000,500.0,text,rnr1-fast,c-fast,repo:rnr (python 3.14.3),2,217828970,3.48526352,0.43565794,56.77163724997081,55.58960374997696,8.807,8.994,964.3,1257.8,True,False,done,1,81dfe6fd07b2f575b368e7228f14fef33871e6b99eafca96ee036b3acbfdc836,2412879774,2026-07-10T23:22:46.366102+00:00
500,500000000,500.0,text,rnr1-fast-mt8,c-fast,repo:rnr (python 3.14.3),0,217828970,3.48526352,0.43565794,15.84967875003349,16.697918249992654,31.546,29.944,1197.5,1275.7,True,False,done,8,81dfe6fd07b2f575b368e7228f14fef33871e6b99eafca96ee036b3acbfdc836,3365179252,2026-07-10T23:23:19.335603+00:00
500,500000000,500.0,text,rnr1-fast-mt8,c-fast,repo:rnr (python 3.14.3),1,217828970,3.48526352,0.43565794,17.160252499976195,13.736721458029933,29.137,36.399,1198.5,1041.4,True,False,done,8,81dfe6fd07b2f575b368e7228f14fef33871e6b99eafca96ee036b3acbfdc836,1281891132,2026-07-10T23:23:50.633856+00:00
500,500000000,500.0,text,rnr1-fast-mt8,c-fast,repo:rnr (python 3.14.3),2,217828970,3.48526352,0.43565794,16.605625374999363,14.709987999987788,30.11,33.991,1167.8,1260.9,True,False,done,8,81dfe6fd07b2f575b368e7228f14fef33871e6b99eafca96ee036b3acbfdc836,4193990880,2026-07-10T23:24:22.330952+00:00
500,500000000,500.0,text,xz-6,xz,xz (XZ Utils) 5.8.3,0,121456176,1.943298816,0.242912352,171.92087054194417,4.3951005829731,2.908,113.763,99.4,10.2,True,False,done,1,81dfe6fd07b2f575b368e7228f14fef33871e6b99eafca96ee036b3acbfdc836,3836852823,2026-07-10T23:28:54.391427+00:00
500,500000000,500.0,text,xz-6,xz,xz (XZ Utils) 5.8.3,1,121456176,1.943298816,0.242912352,159.5709850420244,4.373527458985336,3.133,114.324,99.4,10.2,True,False,done,1,81dfe6fd07b2f575b368e7228f14fef33871e6b99eafca96ee036b3acbfdc836,3189222440,2026-07-10T23:31:38.395980+00:00
500,500000000,500.0,text,xz-6,xz,xz (XZ Utils) 5.8.3,2,121456176,1.943298816,0.242912352,157.635558207985,4.343909832998179,3.172,115.104,99.4,10.2,True,False,done,1,81dfe6fd07b2f575b368e7228f14fef33871e6b99eafca96ee036b3acbfdc836,865825607,2026-07-10T23:34:20.443527+00:00
500,500000000,500.0,text,xz-9e,xz,xz (XZ Utils) 5.8.3,0,111992360,1.79187776,0.22398472,262.025742082973,4.157603416009806,1.908,120.262,707.0,68.9,True,False,done,1,81dfe6fd07b2f575b368e7228f14fef33871e6b99eafca96ee036b3acbfdc836,4140928820,2026-07-11T01:41:27.988094+00:00
500,500000000,500.0,text,xz-9e,xz,xz (XZ Utils) 5.8.3,1,111992360,1.79187776,0.22398472,262.8638029170106,4.146443167002872,1.902,120.585,707.6,68.9,True,False,done,1,81dfe6fd07b2f575b368e7228f14fef33871e6b99eafca96ee036b3acbfdc836,611310311,2026-07-11T01:45:55.075339+00:00
500,500000000,500.0,text,xz-9e,xz,xz (XZ Utils) 5.8.3,2,111992360,1.79187776,0.22398472,262.1539307080093,4.251195791002829,1.907,117.614,707.6,68.9,True,False,done,1,81dfe6fd07b2f575b368e7228f14fef33871e6b99eafca96ee036b3acbfdc836,1983482231,2026-07-11T01:50:21.554899+00:00
500,500000000,500.0,text,zstd-19,zstd,"*** Zstandard CLI (64-bit) v1.5.7, by Yann Collet ***",0,124211202,1.987379232,0.248422404,194.91133691603318,0.6465758749982342,2.565,773.304,231.8,13.4,True,False,done,1,81dfe6fd07b2f575b368e7228f14fef33871e6b99eafca96ee036b3acbfdc836,3688802488,2026-07-10T23:08:26.911148+00:00
500,500000000,500.0,text,zstd-19,zstd,"*** Zstandard CLI (64-bit) v1.5.7, by Yann Collet ***",1,124211202,1.987379232,0.248422404,219.6522910830099,0.7239158749580383,2.276,690.688,231.8,13.4,True,False,done,1,81dfe6fd07b2f575b368e7228f14fef33871e6b99eafca96ee036b3acbfdc836,2733242445,2026-07-10T23:12:07.372650+00:00
500,500000000,500.0,text,zstd-19,zstd,"*** Zstandard CLI (64-bit) v1.5.7, by Yann Collet ***",2,124211202,1.987379232,0.248422404,221.07337695901515,0.6197561660083011,2.262,806.769,231.1,13.4,True,False,done,1,81dfe6fd07b2f575b368e7228f14fef33871e6b99eafca96ee036b3acbfdc836,3596321294,2026-07-10T23:15:49.150439+00:00
500,500000000,500.0,text,zstd-22u,zstd,"*** Zstandard CLI (64-bit) v1.5.7, by Yann Collet ***",0,112882290,1.80611664,0.22576458,275.99681799998507,0.5996678330120631,1.812,833.795,1275.2,139.2,True,False,done,1,81dfe6fd07b2f575b368e7228f14fef33871e6b99eafca96ee036b3acbfdc836,2917996684,2026-07-11T01:54:58.228994+00:00
500,500000000,500.0,text,zstd-22u,zstd,"*** Zstandard CLI (64-bit) v1.5.7, by Yann Collet ***",1,112882290,1.80611664,0.22576458,276.471033000038,0.599944667017553,1.809,833.41,1323.8,139.2,True,False,done,1,81dfe6fd07b2f575b368e7228f14fef33871e6b99eafca96ee036b3acbfdc836,1099503137,2026-07-11T01:59:35.377932+00:00
500,500000000,500.0,text,zstd-22u,zstd,"*** Zstandard CLI (64-bit) v1.5.7, by Yann Collet ***",2,112882290,1.80611664,0.22576458,276.33531979098916,0.5978605829877779,1.809,836.315,1309.4,139.2,True,False,done,1,81dfe6fd07b2f575b368e7228f14fef33871e6b99eafca96ee036b3acbfdc836,1358688940,2026-07-11T02:04:12.384753+00:00
500,500000000,500.0,video,brotli-q11,brotli,brotli 1.2.0,0,498381443,7.974103088,0.996762886,684.8387886249693,1.255112916987855,0.73,398.371,281.7,30.6,True,False,done,1,2349a8c2d8862a6fbd42523ce4cecdb34e5c81ccb8a616467eca761b7a5dc5ff,1294241089,2026-07-11T02:15:38.823517+00:00
500,500000000,500.0,video,brotli-q11,brotli,brotli 1.2.0,1,498381443,7.974103088,0.996762886,681.9991286660079,1.2693777090171352,0.733,393.894,281.2,30.7,True,False,done,1,2349a8c2d8862a6fbd42523ce4cecdb34e5c81ccb8a616467eca761b7a5dc5ff,1179562622,2026-07-11T02:27:02.399530+00:00
500,500000000,500.0,video,brotli-q11,brotli,brotli 1.2.0,2,498381443,7.974103088,0.996762886,678.988800290972,1.2591985410545021,0.736,397.078,279.8,30.6,True,False,done,1,2349a8c2d8862a6fbd42523ce4cecdb34e5c81ccb8a616467eca761b7a5dc5ff,2042847853,2026-07-11T02:38:22.944478+00:00
500,500000000,500.0,video,bzip2-9,bzip2,"bzip2, a block-sorting file compressor.  Version 1.0.8, 13-Jul-2019.",0,500919765,8.01471624,1.00183953,33.07506600004854,15.990684000018518,15.117,31.268,8.8,5.0,True,False,done,1,2349a8c2d8862a6fbd42523ce4cecdb34e5c81ccb8a616467eca761b7a5dc5ff,1563372056,2026-07-10T23:45:35.629310+00:00
500,500000000,500.0,video,bzip2-9,bzip2,"bzip2, a block-sorting file compressor.  Version 1.0.8, 13-Jul-2019.",1,500919765,8.01471624,1.00183953,33.08050033298787,15.888884166954085,15.115,31.469,8.8,5.0,True,False,done,1,2349a8c2d8862a6fbd42523ce4cecdb34e5c81ccb8a616467eca761b7a5dc5ff,3457498359,2026-07-10T23:46:24.844477+00:00
500,500000000,500.0,video,bzip2-9,bzip2,"bzip2, a block-sorting file compressor.  Version 1.0.8, 13-Jul-2019.",2,500919765,8.01471624,1.00183953,33.15174991701497,15.94169516605325,15.082,31.364,8.8,5.0,True,False,done,1,2349a8c2d8862a6fbd42523ce4cecdb34e5c81ccb8a616467eca761b7a5dc5ff,2416090482,2026-07-10T23:47:14.187209+00:00
500,500000000,500.0,video,gzip-9,gzip,Apple gzip 479,0,499220982,7.987535712,0.998441964,7.854395874950569,0.5175784580060281,63.659,966.037,1.6,1.4,True,False,done,1,2349a8c2d8862a6fbd42523ce4cecdb34e5c81ccb8a616467eca761b7a5dc5ff,915266654,2026-07-10T23:37:39.877417+00:00
500,500000000,500.0,video,gzip-9,gzip,Apple gzip 479,1,499220982,7.987535712,0.998441964,7.875638166966382,0.5176337499869987,63.487,965.934,1.6,1.4,True,False,done,1,2349a8c2d8862a6fbd42523ce4cecdb34e5c81ccb8a616467eca761b7a5dc5ff,1149909407,2026-07-10T23:37:48.515751+00:00
500,500000000,500.0,video,gzip-9,gzip,Apple gzip 479,2,499220982,7.987535712,0.998441964,8.030540874984581,0.5188082500244491,62.262,963.747,1.6,1.4,True,False,done,1,2349a8c2d8862a6fbd42523ce4cecdb34e5c81ccb8a616467eca761b7a5dc5ff,1408116084,2026-07-10T23:37:57.309553+00:00
500,500000000,500.0,video,rnr1-fast,c-fast,repo:rnr (python 3.14.3),0,499957447,7.999319152,0.999914894,106.2157666659914,0.8926010830327868,4.707,560.161,1926.3,1664.8,True,False,done,1,2349a8c2d8862a6fbd42523ce4cecdb34e5c81ccb8a616467eca761b7a5dc5ff,1129450601,2026-07-10T23:39:44.916211+00:00
500,500000000,500.0,video,rnr1-fast,c-fast,repo:rnr (python 3.14.3),1,499957447,7.999319152,0.999914894,105.75710262497887,1.0159162080381066,4.728,492.167,1926.3,1664.8,True,False,done,1,2349a8c2d8862a6fbd42523ce4cecdb34e5c81ccb8a616467eca761b7a5dc5ff,958093304,2026-07-10T23:41:32.182039+00:00
500,500000000,500.0,video,rnr1-fast,c-fast,repo:rnr (python 3.14.3),2,499957447,7.999319152,0.999914894,105.94775870797457,0.8049981250078417,4.719,621.119,1926.2,1664.7,True,False,done,1,2349a8c2d8862a6fbd42523ce4cecdb34e5c81ccb8a616467eca761b7a5dc5ff,2379694503,2026-07-10T23:43:19.432149+00:00
500,500000000,500.0,video,rnr1-fast-mt8,c-fast,repo:rnr (python 3.14.3),0,499957447,7.999319152,0.999914894,27.735703166981693,0.6194765420514159,18.027,807.133,2428.8,2558.3,True,False,done,8,2349a8c2d8862a6fbd42523ce4cecdb34e5c81ccb8a616467eca761b7a5dc5ff,4039124617,2026-07-10T23:43:48.282633+00:00
500,500000000,500.0,video,rnr1-fast-mt8,c-fast,repo:rnr (python 3.14.3),1,499957447,7.999319152,0.999914894,27.592021042015404,0.7252783330040984,18.121,689.391,2714.1,2584.0,True,False,done,8,2349a8c2d8862a6fbd42523ce4cecdb34e5c81ccb8a616467eca761b7a5dc5ff,2176654702,2026-07-10T23:44:17.093362+00:00
500,500000000,500.0,video,rnr1-fast-mt8,c-fast,repo:rnr (python 3.14.3),2,499957447,7.999319152,0.999914894,27.820656665950082,0.8293472079676576,17.972,602.884,2683.2,2532.0,True,False,done,8,2349a8c2d8862a6fbd42523ce4cecdb34e5c81ccb8a616467eca761b7a5dc5ff,2318564774,2026-07-10T23:44:46.278154+00:00
500,500000000,500.0,video,xz-6,xz,xz (XZ Utils) 5.8.3,0,499208092,7.987329472,0.998416184,125.7719825420063,1.8220152080175467,3.975,274.421,99.4,10.2,True,False,done,1,2349a8c2d8862a6fbd42523ce4cecdb34e5c81ccb8a616467eca761b7a5dc5ff,3148070108,2026-07-10T23:49:22.031677+00:00
500,500000000,500.0,video,xz-6,xz,xz (XZ Utils) 5.8.3,1,499208092,7.987329472,0.998416184,125.85685766697861,1.8082631250144914,3.973,276.508,99.4,10.2,True,False,done,1,2349a8c2d8862a6fbd42523ce4cecdb34e5c81ccb8a616467eca761b7a5dc5ff,569091985,2026-07-10T23:51:29.945356+00:00
500,500000000,500.0,video,xz-6,xz,xz (XZ Utils) 5.8.3,2,499208092,7.987329472,0.998416184,125.72887487499975,1.810301541001536,3.977,276.197,99.4,10.2,True,False,done,1,2349a8c2d8862a6fbd42523ce4cecdb34e5c81ccb8a616467eca761b7a5dc5ff,4257500805,2026-07-10T23:53:37.746924+00:00
500,500000000,500.0,video,xz-9e,xz,xz (XZ Utils) 5.8.3,0,499176108,7.986817728,0.998352216,195.89099554199493,1.962131957989186,2.552,254.825,707.6,68.9,True,False,done,1,2349a8c2d8862a6fbd42523ce4cecdb34e5c81ccb8a616467eca761b7a5dc5ff,2554004760,2026-07-11T02:41:41.059797+00:00
500,500000000,500.0,video,xz-9e,xz,xz (XZ Utils) 5.8.3,1,499176108,7.986817728,0.998352216,195.84710225003073,1.9654505829676054,2.553,254.395,707.6,68.9,True,False,done,1,2349a8c2d8862a6fbd42523ce4cecdb34e5c81ccb8a616467eca761b7a5dc5ff,3534208016,2026-07-11T02:44:59.161400+00:00
500,500000000,500.0,video,xz-9e,xz,xz (XZ Utils) 5.8.3,2,499176108,7.986817728,0.998352216,195.04718929197406,1.9552652499987744,2.563,255.72,707.6,68.9,True,False,done,1,2349a8c2d8862a6fbd42523ce4cecdb34e5c81ccb8a616467eca761b7a5dc5ff,1223090059,2026-07-11T02:48:16.450156+00:00
500,500000000,500.0,video,zstd-19,zstd,"*** Zstandard CLI (64-bit) v1.5.7, by Yann Collet ***",0,498733283,7.979732528,0.997466566,63.32006591599202,0.3225458330125548,7.896,1550.167,290.4,13.5,True,False,done,1,2349a8c2d8862a6fbd42523ce4cecdb34e5c81ccb8a616467eca761b7a5dc5ff,3461602827,2026-07-10T23:35:24.338398+00:00
500,500000000,500.0,video,zstd-19,zstd,"*** Zstandard CLI (64-bit) v1.5.7, by Yann Collet ***",1,498733283,7.979732528,0.997466566,63.13505504099885,0.29242129198974,7.92,1709.862,290.4,13.5,True,False,done,1,2349a8c2d8862a6fbd42523ce4cecdb34e5c81ccb8a616467eca761b7a5dc5ff,26619618,2026-07-10T23:36:28.013510+00:00
500,500000000,500.0,video,zstd-19,zstd,"*** Zstandard CLI (64-bit) v1.5.7, by Yann Collet ***",2,498733283,7.979732528,0.997466566,62.7044055419974,0.2928443340351805,7.974,1707.392,290.4,13.5,True,False,done,1,2349a8c2d8862a6fbd42523ce4cecdb34e5c81ccb8a616467eca761b7a5dc5ff,260436595,2026-07-10T23:37:31.257429+00:00
500,500000000,500.0,video,zstd-22u,zstd,"*** Zstandard CLI (64-bit) v1.5.7, by Yann Collet ***",0,498841248,7.981459968,0.997682496,97.17634125001496,0.3087340419879183,5.145,1619.517,1542.6,139.3,True,False,done,1,2349a8c2d8862a6fbd42523ce4cecdb34e5c81ccb8a616467eca761b7a5dc5ff,1114719121,2026-07-11T02:49:54.216341+00:00
500,500000000,500.0,video,zstd-22u,zstd,"*** Zstandard CLI (64-bit) v1.5.7, by Yann Collet ***",1,498841248,7.981459968,0.997682496,97.06346220802516,0.3046035830047913,5.151,1641.478,1742.3,139.3,True,False,done,1,2349a8c2d8862a6fbd42523ce4cecdb34e5c81ccb8a616467eca761b7a5dc5ff,2283705526,2026-07-11T02:51:31.872398+00:00
500,500000000,500.0,video,zstd-22u,zstd,"*** Zstandard CLI (64-bit) v1.5.7, by Yann Collet ***",2,498841248,7.981459968,0.997682496,97.13582245801808,0.30415933299809694,5.147,1643.875,1556.8,139.3,True,False,done,1,2349a8c2d8862a6fbd42523ce4cecdb34e5c81ccb8a616467eca761b7a5dc5ff,3098340687,2026-07-11T02:53:09.599439+00:00
500,500000000,500.0,white_noise,brotli-q11,brotli,brotli 1.2.0,0,500000849,8.000013584,1.000001698,496.8314744589734,0.32742179196793586,1.006,1527.082,182.0,29.0,True,False,done,1,1a972bb326b750c695872534998de6de0cd981f61d9df7f26f60c57456e5e1e7,1826684745,2026-07-10T21:52:44.568401+00:00
500,500000000,500.0,white_noise,brotli-q11,brotli,brotli 1.2.0,1,500000849,8.000013584,1.000001698,418.31570170796476,0.3176372910384089,1.195,1574.122,182.3,29.0,True,False,done,1,1a972bb326b750c695872534998de6de0cd981f61d9df7f26f60c57456e5e1e7,4000707458,2026-07-10T21:59:43.509924+00:00
500,500000000,500.0,white_noise,brotli-q11,brotli,brotli 1.2.0,2,500000849,8.000013584,1.000001698,438.94236329197884,0.32923179102363065,1.139,1518.687,181.2,29.0,True,False,done,1,1a972bb326b750c695872534998de6de0cd981f61d9df7f26f60c57456e5e1e7,4283576249,2026-07-10T22:07:03.105818+00:00
500,500000000,500.0,white_noise,bzip2-9,bzip2,"bzip2, a block-sorting file compressor.  Version 1.0.8, 13-Jul-2019.",0,502209267,8.035348272,1.004418534,33.86455916700652,16.06624987500254,14.765,31.121,7.9,5.0,True,False,done,1,1a972bb326b750c695872534998de6de0cd981f61d9df7f26f60c57456e5e1e7,3784220716,2026-07-10T22:07:53.360419+00:00
500,500000000,500.0,white_noise,bzip2-9,bzip2,"bzip2, a block-sorting file compressor.  Version 1.0.8, 13-Jul-2019.",1,502209267,8.035348272,1.004418534,33.81620729097631,16.089383458020166,14.786,31.076,7.9,5.0,True,False,done,1,1a972bb326b750c695872534998de6de0cd981f61d9df7f26f60c57456e5e1e7,2112981038,2026-07-10T22:08:43.522973+00:00
500,500000000,500.0,white_noise,bzip2-9,bzip2,"bzip2, a block-sorting file compressor.  Version 1.0.8, 13-Jul-2019.",2,502209267,8.035348272,1.004418534,33.73860783298733,16.071587625017855,14.82,31.111,7.9,5.0,True,False,done,1,1a972bb326b750c695872534998de6de0cd981f61d9df7f26f60c57456e5e1e7,113138134,2026-07-10T22:09:33.580459+00:00
500,500000000,500.0,white_noise,gzip-9,gzip,Apple gzip 479,0,500152538,8.002440608,1.000305076,7.06979129195679,0.32957387500209734,70.723,1517.111,1.6,1.4,True,False,done,1,1a972bb326b750c695872534998de6de0cd981f61d9df7f26f60c57456e5e1e7,742452877,2026-07-10T22:09:41.227121+00:00
500,500000000,500.0,white_noise,gzip-9,gzip,Apple gzip 479,1,500152538,8.002440608,1.000305076,7.077373583044391,0.3375886249705218,70.648,1481.093,1.6,1.4,True,False,done,1,1a972bb326b750c695872534998de6de0cd981f61d9df7f26f60c57456e5e1e7,1495120363,2026-07-10T22:09:48.887612+00:00
500,500000000,500.0,white_noise,gzip-9,gzip,Apple gzip 479,2,500152538,8.002440608,1.000305076,7.012791874993127,0.32887462503276765,71.298,1520.336,1.6,1.4,True,False,done,1,1a972bb326b750c695872534998de6de0cd981f61d9df7f26f60c57456e5e1e7,1850273979,2026-07-10T22:09:56.475917+00:00
500,500000000,500.0,white_noise,rnr1-fast,c-fast,repo:rnr (python 3.14.3),0,500244208,8.003907328,1.000488416,106.58074037497863,0.647312790970318,4.691,772.424,1609.4,1521.2,True,False,done,1,1a972bb326b750c695872534998de6de0cd981f61d9df7f26f60c57456e5e1e7,2903651837,2026-07-10T22:11:44.223578+00:00
500,500000000,500.0,white_noise,rnr1-fast,c-fast,repo:rnr (python 3.14.3),1,500244208,8.003907328,1.000488416,106.91811404202599,0.687673791020643,4.676,727.089,2097.5,1521.2,True,False,done,1,1a972bb326b750c695872534998de6de0cd981f61d9df7f26f60c57456e5e1e7,573744380,2026-07-10T22:13:32.350887+00:00
500,500000000,500.0,white_noise,rnr1-fast,c-fast,repo:rnr (python 3.14.3),2,500244208,8.003907328,1.000488416,106.9239134999807,0.6437736249645241,4.676,776.671,2097.5,1521.3,True,False,done,1,1a972bb326b750c695872534998de6de0cd981f61d9df7f26f60c57456e5e1e7,675415176,2026-07-10T22:15:20.462629+00:00
500,500000000,500.0,white_noise,rnr1-fast-mt8,c-fast,repo:rnr (python 3.14.3),0,500244208,8.003907328,1.000488416,28.215420084015932,0.48034416598966345,17.721,1040.92,2117.0,1521.5,True,False,done,8,1a972bb326b750c695872534998de6de0cd981f61d9df7f26f60c57456e5e1e7,3031922146,2026-07-10T22:15:49.676045+00:00
500,500000000,500.0,white_noise,rnr1-fast-mt8,c-fast,repo:rnr (python 3.14.3),1,500244208,8.003907328,1.000488416,27.730308583006263,0.47632420901209116,18.031,1049.705,2452.8,1521.5,True,False,done,8,1a972bb326b750c695872534998de6de0cd981f61d9df7f26f60c57456e5e1e7,1818700061,2026-07-10T22:16:18.377031+00:00
500,500000000,500.0,white_noise,rnr1-fast-mt8,c-fast,repo:rnr (python 3.14.3),2,500244208,8.003907328,1.000488416,27.763470000005327,0.4714688750100322,18.009,1060.515,2118.0,1521.4,True,False,done,8,1a972bb326b750c695872534998de6de0cd981f61d9df7f26f60c57456e5e1e7,116961793,2026-07-10T22:16:47.103029+00:00
500,500000000,500.0,white_noise,xz-6,xz,xz (XZ Utils) 5.8.3,0,500024820,8.00039712,1.00004964,126.76721166702919,0.7893149579758756,3.944,633.461,99.2,10.2,True,False,done,1,1a972bb326b750c695872534998de6de0cd981f61d9df7f26f60c57456e5e1e7,2408302342,2026-07-10T22:18:54.921072+00:00
500,500000000,500.0,white_noise,xz-6,xz,xz (XZ Utils) 5.8.3,1,500024820,8.00039712,1.00004964,125.68285545799881,0.7648407910019159,3.978,653.731,99.2,10.2,True,False,done,1,1a972bb326b750c695872534998de6de0cd981f61d9df7f26f60c57456e5e1e7,1188050736,2026-07-10T22:21:01.608738+00:00
500,500000000,500.0,white_noise,xz-6,xz,xz (XZ Utils) 5.8.3,2,500024820,8.00039712,1.00004964,124.66836983297253,0.7555618329788558,4.011,661.759,99.2,10.2,True,False,done,1,1a972bb326b750c695872534998de6de0cd981f61d9df7f26f60c57456e5e1e7,3082452186,2026-07-10T22:23:07.291775+00:00
500,500000000,500.0,white_noise,xz-9e,xz,xz (XZ Utils) 5.8.3,0,500024820,8.00039712,1.00004964,196.27516741701402,0.7646884580026381,2.547,653.861,707.4,68.9,True,False,done,1,1a972bb326b750c695872534998de6de0cd981f61d9df7f26f60c57456e5e1e7,1910178473,2026-07-10T22:26:24.602157+00:00
500,500000000,500.0,white_noise,xz-9e,xz,xz (XZ Utils) 5.8.3,1,500024820,8.00039712,1.00004964,203.2083145410288,0.7842778749763966,2.461,637.529,707.4,68.9,True,False,done,1,1a972bb326b750c695872534998de6de0cd981f61d9df7f26f60c57456e5e1e7,3297462250,2026-07-10T22:29:48.891181+00:00
500,500000000,500.0,white_noise,xz-9e,xz,xz (XZ Utils) 5.8.3,2,500024820,8.00039712,1.00004964,212.44909449998522,0.7967905420227908,2.354,627.517,707.4,68.9,True,False,done,1,1a972bb326b750c695872534998de6de0cd981f61d9df7f26f60c57456e5e1e7,3225898055,2026-07-10T22:33:22.436428+00:00
500,500000000,500.0,white_noise,zstd-19,zstd,"*** Zstandard CLI (64-bit) v1.5.7, by Yann Collet ***",0,500011459,8.000183344,1.000022918,70.42544795799768,0.33289120899280533,7.1,1501.992,290.0,13.3,True,False,done,1,1a972bb326b750c695872534998de6de0cd981f61d9df7f26f60c57456e5e1e7,3604148129,2026-07-10T22:34:33.546918+00:00
500,500000000,500.0,white_noise,zstd-19,zstd,"*** Zstandard CLI (64-bit) v1.5.7, by Yann Collet ***",1,500011459,8.000183344,1.000022918,80.21727675001603,0.4479034159448929,6.233,1116.312,290.0,13.3,True,False,done,1,1a972bb326b750c695872534998de6de0cd981f61d9df7f26f60c57456e5e1e7,1801450359,2026-07-10T22:35:54.548595+00:00
500,500000000,500.0,white_noise,zstd-19,zstd,"*** Zstandard CLI (64-bit) v1.5.7, by Yann Collet ***",2,500011459,8.000183344,1.000022918,75.96441437501926,0.3202182080131024,6.582,1561.435,289.7,13.3,True,False,done,1,1a972bb326b750c695872534998de6de0cd981f61d9df7f26f60c57456e5e1e7,3111694807,2026-07-10T22:37:11.128621+00:00
